object_id,M1,M2,M3,M4,M5
-604693264472802703,False,False,False,False,False
-598964779475615386,False,False,False,False,False
-599162792472943906,False,False,False,False,False
2743622077659820650,False,False,False,False,False
-537739764284036331,True,True,False,False,False
-650102495472993363,True,True,False,False,False
-649860388475207182,True,True,False,False,False
2728549872661986358,True,True,False,False,False
-539047005283254744,True,True,False,False,False
-517445435283412491,True,True,False,False,False
-535620474284324775,True,True,False,False,False
